{
  "cut_in": {
    "x": 147.34255981445312,
    "y": 66.21968078613281,
    "o_x": 0,
    "o_y": 0,
    "o_z": 0.673835751651439,
    "o_w": 0.7388811675745567
  },
  "car_following": {
    "x": 147.34255981445312,
    "y": 66.21968078613281,
    "o_x": 0,
    "o_y": 0,
    "o_z": 0.673835751651439,
    "o_w": 0.7388811675745567
  },
  "lane_departure_same": {
    "x": 147.34255981445312,
    "y": 66.21968078613281,
    "o_x": 0,
    "o_y": 0,
    "o_z": 0.673835751651439,
    "o_w": 0.7388811675745567
  },
  "lane_departure_opposite": {
    "x": 147.34255981445312,
    "y": 66.21968078613281,
    "o_x": 0,
    "o_y": 0,
    "o_z": 0.673835751651439,
    "o_w": 0.7388811675745567
  },
  "left_turn_straight": {
    "x": 115.43462371826172,
    "y": 119.25724792480469,
    "o_x": 0,
    "o_y": 0,
    "o_z": 0.6846113723046581,
    "o_w": 0.7289082719458827
  },
  "left_turn_turn": {
    "x": 115.70535278320312,
    "y": 268.2471008300781,
    "o_x": 0,
    "o_y": 0,
    "o_z": -0.714850015894605,
    "o_w": 0.699277809440198
  },
  "right_turn_straight": {
    "x": 57.037353515625,
    "y": 116.36869812011719,
    "o_x": 0,
    "o_y": 0,
    "o_z": 0.7366898752107643,
    "o_w": 0.6762307503818119
  },
  "right_turn_turn": {
    "x": 108.20913696289062,
    "y": 203.3138427734375,
    "o_x": 0,
    "o_y": 0,
    "o_z": 0.9993808668019459,
    "o_w": 0.03518356249999754
  },
  "vru_without_crosswalk": {
    "x": 113.4096450805664,
    "y": 241.6670379638672,
    "o_x": 0,
    "o_y": 0,
    "o_z": -0.736747904879396,
    "o_w": 0.6761675270639818
  },
  "vru_at_crosswalk": {
    "x": 52.65105438232422,
    "y": 222.27249145507812,
    "o_x": 0,
    "o_y": 0,
    "o_z": -0.7154325508548195,
    "o_w": 0.6986818053859469
  },
  "roundabout_av_outside": {
    "x": 49.91138458251953,
    "y": 154.82620239257812,
    "o_x": 0,
    "o_y": 0,
    "o_z": -0.7211066520424804,
    "o_w": 0.6928240731817026
  },
  "roundabout_av_inside": {
    "x": 108.1133041381836,
    "y": 120.4770736694336,
    "o_x": 0,
    "o_y": 0,
    "o_z": -0.7256561502857566,
    "o_w": 0.6880575205260497
  },
  "vehicle_encroachment": {
    "x": 147.34255981445312,
    "y": 66.21968078613281,
    "o_x": 0,
    "o_y": 0,
    "o_z": 0.673835751651439,
    "o_w": 0.7388811675745567
  },
  "traffic_signal": {
    "x": 59.169189453125,
    "y": 103.42141723632812,
    "o_x": 0,
    "o_y": 0,
    "o_z": 0.7898293579186024,
    "o_w": 0.6133266531421282
  }
}
